0,829,327,0,0,0,0,0,1,0,0,0,0,0,0,0,0,0,0,1,1,0,0,0,0,1,0,0,8,113,0.88,0.25,0.12,0.02,0,0,0,0
0,105,146,0,0,0,0,0,0,0,0,0,0,0,0,0,0,0,0,1,1,0,0,0,0,1,0,0,255,253,0.99,0.01,0,0,0,0,0,0
0,105,146,0,0,0,0,0,0,0,0,0,0,0,0,0,0,0,0,1,1,0,0,0,0,1,0,0,255,254,1,0.01,0.01,0,0,0,0,0
0,105,146,0,0,0,0,0,0,0,0,0,0,0,0,0,0,0,0,1,1,0,0,0,0,1,0,0,255,253,0.99,0.01,0,0,0,0,0,0
0,19,0,0,0,0,0,0,0,0,0,0,0,0,0,0,0,0,0,2,1,0,0,0,0,0.5,1,0,226,46,0.19,0.03,0.19,0.04,0,0,0,0
0,105,146,0,0,0,0,0,0,0,0,0,0,0,0,0,0,0,0,1,1,0,0,0,0,1,0,0,255,254,1,0.01,0,0,0,0,0,0
0,105,146,0,0,0,0,0,0,0,0,0,0,0,0,0,0,0,0,1,1,0,0,0,0,1,0,0,255,255,1,0,0,0,0,0,0,0
0,105,146,0,0,0,0,0,0,0,0,0,0,0,0,0,0,0,0,1,1,0,0,0,0,1,0,0,255,254,1,0.01,0.01,0,0,0,0,0
0,284,765,0,0,0,0,0,1,0,0,0,0,0,0,0,0,0,0,4,4,0,0,0,0,1,0,0,76,251,1,0,0.01,0.05,0,0,0,0
0,304,3634,0,0,0,0,0,1,0,0,0,0,0,0,0,0,0,0,14,14,0,0,0,0,1,0,0,86,251,1,0,0.01,0.05,0,0,0,0
0,286,659,0,0,0,0,0,1,0,0,0,0,0,0,0,0,0,0,24,24,0,0,0,0,1,0,0,96,251,1,0,0.01,0.05,0,0,0,0
0,298,5320,0,0,0,0,0,1,0,0,0,0,0,0,0,0,0,0,34,34,0,0,0,0,1,0,0,106,251,1,0,0.01,0.05,0,0,0,0
0,105,146,0,0,0,0,0,0,0,0,0,0,0,0,0,0,0,0,1,1,0,0,0,0,1,0,0,255,254,1,0.01,0,0,0,0,0,0
0,290,365,0,0,0,0,0,1,0,0,0,0,0,0,0,0,0,0,9,9,0,0,0,0,1,0,0,117,251,1,0,0.01,0.04,0,0,0,0
0,105,146,0,0,0,0,0,0,0,0,0,0,0,0,0,0,0,0,1,1,0,0,0,0,1,0,0,255,254,1,0.01,0,0,0,0,0,0
0,105,146,0,0,0,0,0,0,0,0,0,0,0,0,0,0,0,0,1,1,0,0,0,0,1,0,0,255,254,1,0.01,0.01,0,0,0,0,0
0,105,146,0,0,0,0,0,0,0,0,0,0,0,0,0,0,0,0,1,1,0,0,0,0,1,0,0,255,254,1,0.01,0,0,0,0,0,0
0,304,1000,0,0,0,0,0,1,0,0,0,0,0,0,0,0,0,0,4,5,0,0,0,0,1,0,0.4,90,251,1,0,0.01,0.02,0,0,0,0
0,326,10027,0,0,0,0,0,1,0,0,0,0,0,0,0,0,0,0,1,1,0,0,0,0,1,0,0,1,255,1,0,1,0.03,0,0,0,0
0,335,10242,0,0,0,0,0,1,0,0,0,0,0,0,0,0,0,0,7,11,0,0,0,0,1,0,0.27,115,251,1,0,0.01,0.02,0,0,0,0
0,322,791,0,0,0,0,0,1,0,0,0,0,0,0,0,0,0,0,15,20,0,0,0,0,1,0,0.15,123,251,1,0,0.01,0.02,0,0,0,0
0,105,146,0,0,0,0,0,0,0,0,0,0,0,0,0,0,0,0,2,2,0,0,0,0,1,0,0,255,253,0.99,0.01,0,0,0,0,0,0
0,105,146,0,0,0,0,0,0,0,0,0,0,0,0,0,0,0,0,2,2,0,0,0,0,1,0,0,255,254,1,0.01,0.01,0,0,0,0,0
0,105,146,0,0,0,0,0,0,0,0,0,0,0,0,0,0,0,0,1,1,0,0,0,0,1,0,0,255,254,1,0.01,0.01,0,0,0,0,0
0,1034,329,0,0,0,0,0,1,0,0,0,0,0,0,0,0,0,0,1,1,0,0,0,0,1,0,0,76,128,0.82,0.05,0.01,0.02,0,0,0,0
0,105,146,0,0,0,0,0,0,0,0,0,0,0,0,0,0,0,0,1,1,0,0,0,0,1,0,0,255,254,1,0.01,0,0,0,0,0,0
0,105,146,0,0,0,0,0,0,0,0,0,0,0,0,0,0,0,0,1,1,0,0,0,0,1,0,0,255,254,1,0.01,0,0,0,0,0,0
0,105,146,0,0,0,0,0,0,0,0,0,0,0,0,0,0,0,0,1,1,0,0,0,0,1,0,0,255,254,1,0.01,0,0,0,0,0,0
0,105,146,0,0,0,0,0,0,0,0,0,0,0,0,0,0,0,0,1,1,0,0,0,0,1,0,0,255,254,1,0.01,0,0,0,0,0,0
0,105,146,0,0,0,0,0,0,0,0,0,0,0,0,0,0,0,0,1,1,0,0,0,0,1,0,0,255,254,1,0.01,0,0,0,0,0,0
0,290,365,0,0,0,0,0,1,0,0,0,0,0,0,0,0,0,0,9,9,0,0,0,0,1,0,0,255,255,1,0,0,0,0,0,0,0
0,105,146,0,0,0,0,0,0,0,0,0,0,0,0,0,0,0,0,1,1,0,0,0,0,1,0,0,255,253,0.99,0.01,0,0,0,0,0,0
0,105,146,0,0,0,0,0,0,0,0,0,0,0,0,0,0,0,0,1,1,0,0,0,0,1,0,0,255,253,0.99,0.01,0,0,0,0,0,0
0,105,146,0,0,0,0,0,0,0,0,0,0,0,0,0,0,0,0,2,2,0,0,0,0,1,0,0,255,254,1,0.01,0.01,0,0,0,0,0
0,105,146,0,0,0,0,0,0,0,0,0,0,0,0,0,0,0,0,2,2,0,0,0,0,1,0,0,255,254,1,0.01,0,0,0,0,0,0
0,105,146,0,0,0,0,0,0,0,0,0,0,0,0,0,0,0,0,2,2,0,0,0,0,1,0,0,255,254,1,0.01,0,0,0,0,0,0
0,316,1452,0,0,0,0,0,1,0,0,0,0,0,0,0,0,0,0,6,6,0,0,0,0,1,0,0,255,255,1,0,0,0,0,0,0,0
0,308,607,0,0,0,0,0,1,0,0,0,0,0,0,0,0,0,0,16,16,0,0,0,0,1,0,0,255,255,1,0,0,0,0,0,0,0
0,289,785,0,0,0,0,0,1,0,0,0,0,0,0,0,0,0,0,3,3,0,0,0,0,1,0,0,255,255,1,0,0,0,0,0,0,0
0,300,3273,0,0,0,0,0,1,0,0,0,0,0,0,0,0,0,0,13,13,0,0,0,0,1,0,0,255,255,1,0,0,0,0,0,0,0
0,289,999,0,0,0,0,0,1,0,0,0,0,0,0,0,0,0,0,23,23,0,0,0,0,1,0,0,255,255,1,0,0,0,0,0,0,0
0,287,765,0,0,0,0,0,1,0,0,0,0,0,0,0,0,0,0,33,33,0,0,0,0,1,0,0,255,255,1,0,0,0,0,0,0,0
0,326,2433,0,0,0,0,0,1,0,0,0,0,0,0,0,0,0,0,6,30,0,0,0,0,1,0,0.1,239,251,1,0,0,0.01,0,0,0,0
0,298,332,0,0,0,0,0,1,0,0,0,0,0,0,0,0,0,0,6,6,0,0,0,0,1,0,0,255,255,1,0,0.01,0,0,0,0,0
0,323,15046,0,0,0,0,0,1,0,0,0,0,0,0,0,0,0,0,16,16,0,0,0,0,1,0,0,255,255,1,0,0,0,0,0,0,0
0,298,337,0,0,0,0,0,1,0,0,0,0,0,0,0,0,0,0,26,26,0,0,0,0,1,0,0,255,255,1,0,0,0,0,0,0,0
0,303,864,0,0,0,0,0,1,0,0,0,0,0,0,0,0,0,0,36,36,0,0,0,0,1,0,0,255,255,1,0,0,0,0,0,0,0
0,335,15416,0,0,0,0,0,1,0,0,0,0,0,0,0,0,0,0,6,6,0,0,0,0,1,0,0,255,255,1,0,0.01,0,0,0,0,0
0,335,13599,0,0,0,0,0,1,0,0,0,0,0,0,0,0,0,0,15,15,0,0,0,0,1,0,0,255,255,1,0,0.01,0,0,0,0,0
0,301,3830,0,0,0,0,0,1,0,0,0,0,0,0,0,0,0,0,10,10,0,0,0,0,1,0,0,255,255,1,0,0.01,0,0,0,0,0
0,309,3273,0,0,0,0,0,1,0,0,0,0,0,0,0,0,0,0,20,20,0,0,0,0,1,0,0,255,255,1,0,0,0,0,0,0,0
0,294,6356,0,0,0,0,0,1,0,0,0,0,0,0,0,0,0,0,30,30,0,0,0,0,1,0,0,255,255,1,0,0,0,0,0,0,0
0,296,765,0,0,0,0,0,1,0,0,0,0,0,0,0,0,0,0,35,35,0,0,0,0,1,0,0,255,255,1,0,0,0,0,0,0,0
0,105,146,0,0,0,0,0,0,0,0,0,0,0,0,0,0,0,0,1,1,0,0,0,0,1,0,0,255,254,1,0.01,0,0,0,0,0,0
0,105,146,0,0,0,0,0,0,0,0,0,0,0,0,0,0,0,0,2,2,0,0,0,0,1,0,0,255,254,1,0.01,0,0,0,0,0,0
0,105,146,0,0,0,0,0,0,0,0,0,0,0,0,0,0,0,0,2,2,0,0,0,0,1,0,0,255,254,1,0.01,0,0,0,0,0,0
0,922,336,0,0,0,0,0,1,0,0,0,0,0,0,0,0,0,0,1,3,0,0,0,0,1,0,1,218,175,0.8,0.07,0,0,0,0,0.01,0
0,308,1512,0,0,0,0,0,1,0,0,0,0,0,0,0,0,0,0,6,6,0,0,0,0,1,0,0,255,255,1,0,0,0,0,0,0,0
0,105,146,0,0,0,0,0,0,0,0,0,0,0,0,0,0,0,0,1,1,0,0,0,0,1,0,0,255,254,1,0.01,0,0,0,0,0,0
0,105,146,0,0,0,0,0,0,0,0,0,0,0,0,0,0,0,0,2,2,0,0,0,0,1,0,0,255,254,1,0.01,0,0,0,0,0,0
0,291,1772,0,0,0,0,0,1,0,0,0,0,0,0,0,0,0,0,4,5,0,0,0,0,1,0,0.4,255,255,1,0,0,0,0,0,0,0
0,295,306,0,0,0,0,0,1,0,0,0,0,0,0,0,0,0,0,14,15,0,0,0,0,1,0,0.13,255,255,1,0,0,0,0,0,0,0
0,105,146,0,0,0,0,0,0,0,0,0,0,0,0,0,0,0,0,1,1,0,0,0,0,1,0,0,255,254,1,0.01,0,0,0,0,0,0
0,339,212,0,0,0,0,0,1,0,0,0,0,0,0,0,0,0,0,1,1,0,0,0,0,1,0,0,134,255,1,0,0.01,0.01,0,0,0,0
0,105,146,0,0,0,0,0,0,0,0,0,0,0,0,0,0,0,0,2,2,0,0,0,0,1,0,0,255,254,1,0.01,0,0,0,0,0,0
0,294,2443,0,0,0,0,0,1,0,0,0,0,0,0,0,0,0,0,8,8,0,0,0,0,1,0,0,255,255,1,0,0,0,0,0,0,0
0,289,983,0,0,0,0,0,1,0,0,0,0,0,0,0,0,0,0,18,18,0,0,0,0,1,0,0,255,255,1,0,0,0,0,0,0,0
0,105,146,0,0,0,0,0,0,0,0,0,0,0,0,0,0,0,0,1,1,0,0,0,0,1,0,0,255,254,1,0.01,0.01,0,0,0,0,0
0,105,146,0,0,0,0,0,0,0,0,0,0,0,0,0,0,0,0,1,1,0,0,0,0,1,0,0,255,254,1,0.01,0,0,0,0,0,0
0,301,280,0,0,0,0,0,1,0,0,0,0,0,0,0,0,0,0,2,2,0,0,0,0,1,0,0,255,255,1,0,0,0,0,0,0,0
0,105,146,0,0,0,0,0,0,0,0,0,0,0,0,0,0,0,0,2,2,0,0,0,0,1,0,0,255,254,1,0.01,0.01,0,0,0,0,0
0,279,759,0,0,0,0,0,1,0,0,0,0,0,0,0,0,0,0,2,2,0,0,0,0,1,0,0,2,255,1,0,0.5,0.01,0,0,0,0
0,274,294,0,0,0,0,0,1,0,0,0,0,0,0,0,0,0,0,9,12,0,0,0,0,1,0,0.17,11,255,1,0,0.09,0.05,0,0,0,0
0,105,146,0,0,0,0,0,0,0,0,0,0,0,0,0,0,0,0,1,1,0,0,0,0,1,0,0,255,254,1,0.01,0,0,0,0,0,0
0,105,146,0,0,0,0,0,0,0,0,0,0,0,0,0,0,0,0,1,1,0,0,0,0,1,0,0,255,254,1,0.01,0,0,0,0,0,0
0,105,146,0,0,0,0,0,0,0,0,0,0,0,0,0,0,0,0,1,1,0,0,0,0,1,0,0,255,255,1,0,0.01,0,0,0,0,0
282,162,599,0,0,0,2,0,1,0,0,0,0,0,0,0,0,0,1,1,1,0,0,0,0,1,0,0,20,17,0.85,0.1,0.05,0,0,0,0,0
0,12,0,0,0,0,0,0,0,0,0,0,0,0,0,0,0,0,0,1,1,0,0,0,0,1,0,0,1,27,1,0,1,0.15,0,0,0,0
280,283618,0,0,0,0,0,0,0,0,0,0,0,0,0,0,0,0,0,2,2,0,0,0,0,1,0,0,2,28,1,0,1,0.14,0,0,0,0
0,105,146,0,0,0,0,0,0,0,0,0,0,0,0,0,0,0,0,1,1,0,0,0,0,1,0,0,255,254,1,0.01,0,0,0,0,0,0
0,105,146,0,0,0,0,0,0,0,0,0,0,0,0,0,0,0,0,2,2,0,0,0,0,1,0,0,255,255,1,0,0,0,0,0,0,0
0,105,146,0,0,0,0,0,0,0,0,0,0,0,0,0,0,0,0,2,2,0,0,0,0,1,0,0,255,255,1,0,0,0,0,0,0,0
0,357,802,0,0,0,0,0,1,0,0,0,0,0,0,0,0,0,0,3,3,0,0,0,0,1,0,0,3,177,1,0,0.33,0.06,0,0,0,0
0,105,146,0,0,0,0,0,0,0,0,0,0,0,0,0,0,0,0,1,1,0,0,0,0,1,0,0,255,255,1,0,0,0,0,0,0,0
0,279,759,0,0,0,0,0,1,0,0,0,0,0,0,0,0,0,0,2,3,0,0,0,0,1,0,0.67,9,255,1,0,0.11,0.01,0,0,0,0
0,274,294,0,0,0,0,0,1,0,0,0,0,0,0,0,0,0,0,10,13,0,0,0,0,1,0,0.15,28,255,1,0,0.04,0.05,0,0,0,0
0,105,146,0,0,0,0,0,0,0,0,0,0,0,0,0,0,0,0,2,2,0,0,0,0,1,0,0,255,255,1,0,0.01,0,0,0,0,0
0,105,146,0,0,0,0,0,0,0,0,0,0,0,0,0,0,0,0,2,2,0,0,0,0,1,0,0,255,254,1,0.01,0,0,0,0,0,0
0,105,146,0,0,0,0,0,0,0,0,0,0,0,0,0,0,0,0,2,2,0,0,0,0,1,0,0,255,254,1,0.01,0,0,0,0,0,0
0,105,146,0,0,0,0,0,0,0,0,0,0,0,0,0,0,0,0,1,1,0,0,0,0,1,0,0,255,254,1,0.01,0,0,0,0,0,0
0,305,290,0,0,0,0,0,1,0,0,0,0,0,0,0,0,0,0,6,6,0,0,0,0,1,0,0,6,251,1,0,0.17,0.1,0,0,0,0
0,312,2631,0,0,0,0,0,1,0,0,0,0,0,0,0,0,0,0,16,16,0,0,0,0,1,0,0,16,251,1,0,0.06,0.1,0,0,0,0
0,319,581,0,0,0,0,0,1,0,0,0,0,0,0,0,0,0,0,25,25,0,0,0,0,1,0,0,25,251,1,0,0.04,0.09,0,0,0,0
0,105,146,0,0,0,0,0,0,0,0,0,0,0,0,0,0,0,0,2,2,0,0,0,0,1,0,0,255,254,1,0.01,0,0,0,0,0,0
0,477,9366,0,0,0,0,0,1,0,0,0,0,0,0,0,0,0,0,9,9,0,0,0,0,1,0,0,36,251,1,0,0.03,0.08,0,0,0,0
0,105,146,0,0,0,0,0,0,0,0,0,0,0,0,0,0,0,0,1,1,0,0,0,0,1,0,0,255,254,1,0.01,0,0,0,0,0,0
0,105,146,0,0,0,0,0,0,0,0,0,0,0,0,0,0,0,0,2,2,0,0,0,0,1,0,0,255,254,1,0.01,0,0,0,0,0,0
0,3888,0,0,0,0,0,0,0,0,0,0,0,0,0,0,0,0,0,9,9,0,0,0,0,1,0,0,255,15,0.06,0.02,0.06,0,0,0,0.02,0
0,4539,0,0,0,0,0,0,0,0,0,0,0,0,0,0,0,0,0,19,19,0,0,0,0,1,0,0,255,25,0.1,0.02,0.1,0,0,0,0.03,0
0,105,146,0,0,0,0,0,0,0,0,0,0,0,0,0,0,0,0,1,1,0,0,0,0,1,0,0,255,254,1,0.01,0,0,0,0,0,0
0,326,2650,0,0,0,0,0,1,0,0,0,0,0,0,0,0,0,0,3,3,0,0,0,0,1,0,0,48,251,1,0,0.02,0.08,0,0,0,0
0,307,287,0,0,0,0,0,1,0,0,0,0,0,0,0,0,0,0,13,13,0,0,0,0,1,0,0,58,251,1,0,0.02,0.08,0,0,0,0
0,316,269,0,0,0,0,0,1,0,0,0,0,0,0,0,0,0,0,23,23,0,0,0,0,1,0,0,68,251,1,0,0.01,0.06,0,0,0,0
0,276,9586,0,0,0,0,0,1,0,0,0,0,0,0,0,0,0,0,1,2,0,0,0,0,1,0,1,6,255,1,0,0.17,0.01,0,0,0,0
0,105,146,0,0,0,0,0,0,0,0,0,0,0,0,0,0,0,0,1,1,0,0,0,0,1,0,0,255,253,0.99,0.01,0,0,0,0,0,0
0,105,146,0,0,0,0,0,0,0,0,0,0,0,0,0,0,0,0,2,2,0,0,0,0,1,0,0,255,253,0.99,0.01,0,0,0,0,0,0
0,105,146,0,0,0,0,0,0,0,0,0,0,0,0,0,0,0,0,2,2,0,0,0,0,1,0,0,255,253,0.99,0.01,0,0,0,0,0,0
0,105,146,0,0,0,0,0,0,0,0,0,0,0,0,0,0,0,0,1,1,0,0,0,0,1,0,0,255,253,0.99,0.01,0.01,0,0,0,0,0
0,105,146,0,0,0,0,0,0,0,0,0,0,0,0,0,0,0,0,1,1,0,0,0,0,1,0,0,255,253,0.99,0.01,0,0,0,0,0,0
0,105,146,0,0,0,0,0,0,0,0,0,0,0,0,0,0,0,0,2,2,0,0,0,0,1,0,0,255,253,0.99,0.01,0,0,0,0,0,0
0,105,146,0,0,0,0,0,0,0,0,0,0,0,0,0,0,0,0,2,2,0,0,0,0,1,0,0,255,254,1,0.01,0,0,0,0,0,0
0,332,2313,0,0,0,0,0,1,0,0,0,0,0,0,0,0,0,0,5,6,0,0,0,0,1,0,0.33,28,251,1,0,0.04,0.04,0,0,0,0
0,105,146,0,0,0,0,0,0,0,0,0,0,0,0,0,0,0,0,1,1,0,0,0,0,1,0,0,255,254,1,0.01,0,0,0,0,0,0
0,348,1503,0,0,0,0,0,1,0,0,0,0,0,0,0,0,0,0,5,5,0,0,0,0,1,0,0,77,251,1,0,0.01,0.06,0,0,0,0
0,34,94,0,0,0,0,0,0,0,0,0,0,0,0,0,0,0,0,1,1,0,0,0,0,1,0,0,21,242,0.86,0.1,0.86,0.01,0,0,0.1,0
0,105,146,0,0,0,0,0,0,0,0,0,0,0,0,0,0,0,0,1,1,0,0,0,0,1,0,0,255,254,1,0.01,0,0,0,0,0,0
0,48,0,0,0,0,0,0,0,0,0,0,0,0,0,0,0,0,0,2,2,0,0,0,0,1,0,0,41,2,0.05,0.12,0.05,0,0,0,0,0
0,105,146,0,0,0,0,0,0,0,0,0,0,0,0,0,0,0,0,1,1,0,0,0,0,1,0,0,255,254,1,0.01,0,0,0,0,0,0
0,470,12035,0,0,0,0,0,1,0,0,0,0,0,0,0,0,0,0,3,3,0,0,0,0,1,0,0,95,251,1,0,0.01,0.06,0,0,0,0
0,344,269,0,0,0,0,0,1,0,0,0,0,0,0,0,0,0,0,13,13,0,0,0,0,1,0,0,105,255,1,0,0.01,0.04,0,0,0,0
0,105,146,0,0,0,0,0,0,0,0,0,0,0,0,0,0,0,0,2,2,0,0,0,0,1,0,0,255,254,1,0.01,0,0,0,0,0,0
0,346,295,0,0,0,0,0,1,0,0,0,0,0,0,0,0,0,0,1,1,0,0,0,0,1,0,0,113,255,1,0,0.01,0.04,0,0,0,0
0,477,5321,0,0,0,0,0,1,0,0,0,0,0,0,0,0,0,0,11,11,0,0,0,0,1,0,0,123,255,1,0,0.01,0.04,0,0,0,0
0,105,146,0,0,0,0,0,0,0,0,0,0,0,0,0,0,0,0,1,1,0,0,0,0,1,0,0,255,254,1,0.01,0,0,0,0,0,0
0,105,146,0,0,0,0,0,0,0,0,0,0,0,0,0,0,0,0,1,1,0,0,0,0,1,0,0,255,254,1,0.01,0,0,0,0,0,0
0,105,146,0,0,0,0,0,0,0,0,0,0,0,0,0,0,0,0,1,1,0,0,0,0,1,0,0,255,255,1,0,0,0,0,0,0,0
0,348,1503,0,0,0,0,0,1,0,0,0,0,0,0,0,0,0,0,5,5,0,0,0,0,1,0,0,137,255,1,0,0.01,0.03,0,0,0,0
0,343,255,0,0,0,0,0,1,0,0,0,0,0,0,0,0,0,0,15,15,0,0,0,0,1,0,0,147,255,1,0,0.01,0.03,0,0,0,0
0,105,146,0,0,0,0,0,0,0,0,0,0,0,0,0,0,0,0,2,2,0,0,0,0,1,0,0,255,254,1,0.01,0.01,0,0,0,0,0
0,105,146,0,0,0,0,0,0,0,0,0,0,0,0,0,0,0,0,2,2,0,0,0,0,1,0,0,255,254,1,0.01,0,0,0,0,0,0
0,347,212,0,0,0,0,0,1,0,0,0,0,0,0,0,0,0,0,3,3,0,0,0,0,1,0,0,17,255,1,0,0.06,0.04,0,0,0,0
0,105,146,0,0,0,0,0,0,0,0,0,0,0,0,0,0,0,0,1,1,0,0,0,0,1,0,0,255,254,1,0.01,0,0,0,0,0,0
0,105,146,0,0,0,0,0,0,0,0,0,0,0,0,0,0,0,0,2,2,0,0,0,0,1,0,0,255,254,1,0.01,0,0,0,0,0,0
0,105,146,0,0,0,0,0,0,0,0,0,0,0,0,0,0,0,0,1,1,0,0,0,0,1,0,0,255,254,1,0.01,0,0,0,0,0,0
0,236,1610,0,0,0,0,0,1,0,0,0,0,0,0,0,0,0,0,1,1,0,0,0,0,1,0,0,1,245,1,0,1,0.06,0,0,0,0
281,159,597,0,0,0,2,0,1,0,0,0,0,0,0,0,0,0,1,1,1,0,0,0,0,1,0,0,255,1,0,0.02,0,0,0.98,0,0,0
280,283618,0,0,0,0,0,0,0,0,0,0,0,0,0,0,0,0,0,1,1,0,0,0,0,1,0,0,1,1,1,0,1,0,0,0,0,0
0,12,0,0,0,0,0,0,0,0,0,0,0,0,0,0,0,0,0,2,2,0,0,0,0,1,0,0,2,2,1,0,1,0,0,0,0,0
1,938,329,0,0,0,0,0,1,0,0,0,0,0,0,0,0,0,0,1,3,0,0,0,0,1,0,1,23,188,0.83,0.09,0.04,0.01,0,0,0,0
1,1294,329,0,0,0,0,0,1,0,0,0,0,0,0,0,0,0,0,1,2,0,0,0,0,1,0,1,58,140,0.43,0.1,0.02,0.01,0,0,0,0
0,105,146,0,0,0,0,0,0,0,0,0,0,0,0,0,0,0,0,2,2,0,0,0,0,1,0,0,255,254,1,0.01,0,0,0,0,0,0
0,105,146,0,0,0,0,0,0,0,0,0,0,0,0,0,0,0,0,2,2,0,0,0,0,1,0,0,255,254,1,0.01,0,0,0,0,0,0
1,1619,334,0,0,0,0,0,1,0,0,0,0,0,0,0,0,0,0,1,2,0,0,0,0,1,0,1,26,170,0.96,0.08,0.04,0.02,0,0,0,0
0,355,1864,0,0,0,0,0,1,0,0,0,0,0,0,0,0,0,0,3,3,0,0,0,0,1,0,0,156,255,1,0,0.01,0.03,0,0,0,0
0,105,146,0,0,0,0,0,0,0,0,0,0,0,0,0,0,0,0,2,2,0,0,0,0,1,0,0,255,254,1,0.01,0,0,0,0,0,0
1,1621,330,0,0,0,0,0,1,0,0,0,0,0,0,0,0,0,0,1,3,0,0,0,0,1,0,1,57,35,0.61,0.25,0.02,0,0,0,0.05,0
0,239,2805,0,0,0,0,0,1,0,0,0,0,0,0,0,0,0,0,1,1,0,0,0,0,1,0,0,7,250,1,0,0.14,0.06,0,0,0,0
0,105,146,0,0,0,0,0,0,0,0,0,0,0,0,0,0,0,0,1,1,0,0,0,0,1,0,0,255,254,1,0.01,0,0,0,0,0,0
0,303,1850,0,0,0,0,0,1,0,0,0,0,0,0,0,0,0,0,5,8,0,0,0,0,1,0,0.38,133,251,1,0,0.01,0.04,0,0,0,0
0,325,5810,0,0,0,0,0,1,0,0,0,0,0,0,0,0,0,0,3,18,0,0,0,0,1,0,0.22,12,255,1,0,0.08,0.01,0,0,0,0
0,287,382,0,0,0,0,0,1,0,0,0,0,0,0,0,0,0,0,23,28,0,0,0,0,1,0,0.14,151,251,1,0,0.01,0.04,0,0,0,0
0,105,146,0,0,0,0,0,0,0,0,0,0,0,0,0,0,0,0,2,2,0,0,0,0,1,0,0,255,254,1,0.01,0,0,0,0,0,0
0,1199,0,0,0,0,0,0,0,0,0,0,0,0,0,0,0,0,0,2,2,0,0,0,0,1,0,0,107,12,0.11,0.07,0.11,0,0,0,0,0
0,5929,0,0,0,0,0,0,0,0,0,0,0,0,0,0,0,0,0,12,12,0,0,0,0,1,0,0,117,22,0.19,0.07,0.19,0,0,0,0,0
0,105,146,0,0,0,0,0,0,0,0,0,0,0,0,0,0,0,0,1,1,0,0,0,0,1,0,0,255,254,1,0.01,0,0,0,0,0,0
0,246,3409,0,0,0,0,0,1,0,0,0,0,0,0,0,0,0,0,1,1,0,0,0,0,1,0,0,8,250,1,0,0.12,0.06,0,0,0,0
0,105,146,0,0,0,0,0,0,0,0,0,0,0,0,0,0,0,0,1,1,0,0,0,0,1,0,0,255,253,0.99,0.01,0,0,0,0,0,0
0,105,146,0,0,0,0,0,0,0,0,0,0,0,0,0,0,0,0,2,2,0,0,0,0,1,0,0,255,253,0.99,0.01,0,0,0,0,0,0
0,105,146,0,0,0,0,0,0,0,0,0,0,0,0,0,0,0,0,1,1,0,0,0,0,1,0,0,255,253,0.99,0.01,0,0,0,0,0,0
0,105,146,0,0,0,0,0,0,0,0,0,0,0,0,0,0,0,0,2,2,0,0,0,0,1,0,0,255,253,0.99,0.01,0,0,0,0,0,0
0,105,146,0,0,0,0,0,0,0,0,0,0,0,0,0,0,0,0,1,1,0,0,0,0,1,0,0,255,253,0.99,0.01,0,0,0,0,0,0
0,105,146,0,0,0,0,0,0,0,0,0,0,0,0,0,0,0,0,2,2,0,0,0,0,1,0,0,255,255,1,0,0,0,0,0,0,0
0,105,146,0,0,0,0,0,0,0,0,0,0,0,0,0,0,0,0,2,2,0,0,0,0,1,0,0,255,255,1,0,0,0,0,0,0,0
0,740,0,0,0,0,0,0,0,0,0,0,0,0,0,0,0,0,0,2,2,0,0,0,0,1,0,0,30,27,0.07,0.1,0.07,0.11,0,0,0,0
1,1730,372,0,0,0,0,0,1,0,0,0,0,0,0,0,0,0,0,1,2,0,0,0,0,1,0,1,22,19,0.86,0.14,0.05,0,0,0,0,0
0,105,146,0,0,0,0,0,0,0,0,0,0,0,0,0,0,0,0,1,1,0,0,0,0,1,0,0,255,254,1,0.01,0,0,0,0,0,0
0,105,146,0,0,0,0,0,0,0,0,0,0,0,0,0,0,0,0,2,2,0,0,0,0,1,0,0,255,254,1,0.01,0.01,0,0,0,0,0
0,105,146,0,0,0,0,0,0,0,0,0,0,0,0,0,0,0,0,2,2,0,0,0,0,1,0,0,255,254,1,0.01,0,0,0,0,0,0
0,304,419,0,0,0,0,0,1,0,0,0,0,0,0,0,0,0,0,3,3,0,0,0,0,1,0,0,193,255,1,0,0.01,0.02,0,0,0,0
0,304,519,0,0,0,0,0,1,0,0,0,0,0,0,0,0,0,0,13,13,0,0,0,0,1,0,0,203,255,1,0,0,0.02,0,0,0,0
0,304,467,0,0,0,0,0,1,0,0,0,0,0,0,0,0,0,0,20,22,0,0,0,0,1,0,0.14,210,255,1,0,0,0.02,0,0,0,0
0,948,369,0,0,0,0,0,1,0,0,0,0,0,0,0,0,0,0,1,3,0,0,0,0,1,0,1,34,107,0.62,0.15,0.03,0.02,0,0,0,0
1,1179,324,0,0,0,0,0,1,0,0,0,0,0,0,0,0,0,0,1,1,0,0,0,0,1,0,0,33,193,0.76,0.15,0.03,0.01,0,0,0,0
0,105,146,0,0,0,0,0,0,0,0,0,0,0,0,0,0,0,0,2,2,0,0,0,0,1,0,0,255,254,1,0.01,0,0,0,0,0,0
0,789,328,0,0,0,0,0,1,0,0,0,0,0,0,0,0,0,0,1,3,0,0,0,0,1,0,1,39,154,0.82,0.08,0.03,0.02,0,0.05,0,0
0,302,1697,0,0,0,0,0,1,0,0,0,0,0,0,0,0,0,0,7,10,0,0,0,0,1,0,0.3,221,255,1,0,0,0.01,0,0,0,0
0,296,255,0,0,0,0,0,1,0,0,0,0,0,0,0,0,0,0,14,20,0,0,0,0,1,0,0.2,228,255,1,0,0,0.01,0,0,0,0
0,305,1745,0,0,0,0,0,1,0,0,0,0,0,0,0,0,0,0,24,30,0,0,0,0,1,0,0.13,238,255,1,0,0,0.01,0,0,0,0
0,298,2036,0,0,0,0,0,1,0,0,0,0,0,0,0,0,0,0,3,3,0,0,0,0,1,0,0,3,38,1,0,0.33,0.13,0,0,0,0
0,105,146,0,0,0,0,0,0,0,0,0,0,0,0,0,0,0,0,2,2,0,0,0,0,1,0,0,255,254,1,0.01,0,0,0,0,0,0
0,300,619,0,0,0,0,0,1,0,0,0,0,0,0,0,0,0,0,10,10,0,0,0,0,1,0,0,16,38,1,0,0.06,0.13,0,0,0,0
0,105,146,0,0,0,0,0,0,0,0,0,0,0,0,0,0,0,0,2,2,0,0,0,0,1,0,0,255,254,1,0.01,0,0,0,0,0,0
0,105,146,0,0,0,0,0,0,0,0,0,0,0,0,0,0,0,0,2,2,0,0,0,0,1,0,0,255,254,1,0.01,0,0,0,0,0,0
0,771,329,0,0,0,0,0,1,0,0,0,0,0,0,0,0,0,0,1,1,0,0,0,0,1,0,0,73,82,0.63,0.05,0.01,0.02,0,0,0,0
0,3610,333,0,0,0,0,0,1,0,0,0,0,0,0,0,0,0,0,1,1,0,0,0,0,1,0,0,45,159,0.82,0.07,0.02,0.02,0,0.04,0,0
0,2064,336,0,0,0,0,0,1,0,0,0,0,0,0,0,0,0,0,1,2,0,0,0,0,1,0,1,42,113,0.67,0.12,0.02,0.02,0,0,0,0
0,105,146,0,0,0,0,0,0,0,0,0,0,0,0,0,0,0,0,1,1,0,0,0,0,1,0,0,255,254,1,0.01,0,0,0,0,0,0
0,309,1711,0,0,0,0,0,1,0,0,0,0,0,0,0,0,0,0,9,9,0,0,0,0,1,0,0,33,38,1,0,0.03,0.11,0,0,0,0
0,292,10306,0,0,0,0,0,1,0,0,0,0,0,0,0,0,0,0,8,8,0,0,0,0,1,0,0,8,247,1,0,0.12,0.06,0,0,0,0
1,4552,370,0,0,0,0,0,1,0,0,0,0,0,0,0,0,0,0,1,4,0,0,0,0,1,0,1,78,54,0.69,0.19,0.01,0,0,0,0.04,0
0,288,2687,0,0,0,0,0,1,0,0,0,0,0,0,0,0,0,0,2,2,0,0,0,0,1,0,0,14,247,1,0,0.07,0.06,0,0,0,0
0,930,0,0,0,0,0,0,0,0,0,0,0,0,0,0,0,0,0,1,1,0,0,0,0,1,0,0,78,1,0.01,0.21,0.01,0,0,0,0.04,0
0,625,333,0,0,0,0,0,1,0,0,0,0,0,0,0,0,0,0,1,1,0,0,0,0,1,0,0,73,45,0.62,0.07,0.01,0,0,0,0,0
0,374,0,0,0,0,0,0,0,0,0,0,0,0,0,0,0,0,0,4,4,0,0,0,0,1,0,0,87,10,0.11,0.18,0.11,0,0,0,0.03,0
0,105,146,0,0,0,0,0,0,0,0,0,0,0,0,0,0,0,0,2,2,0,0,0,0,1,0,0,255,254,1,0.01,0,0,0,0,0,0
0,232,2900,0,0,0,0,0,1,0,0,0,0,0,0,0,0,0,0,4,4,0,0,0,0,1,0,0,4,255,1,0,0.25,0.04,0,0,0,0
0,105,146,0,0,0,0,0,0,0,0,0,0,0,0,0,0,0,0,1,1,0,0,0,0,1,0,0,255,254,1,0.01,0.01,0,0,0,0,0
0,105,146,0,0,0,0,0,0,0,0,0,0,0,0,0,0,0,0,1,1,0,0,0,0,1,0,0,255,254,1,0.01,0,0,0,0,0,0
1,850,329,0,0,0,0,0,1,0,0,0,0,0,0,0,0,0,0,1,2,0,0,0,0,1,0,1,84,49,0.58,0.06,0.01,0,0,0,0,0
0,1905,387,0,0,0,0,0,1,0,0,0,0,0,0,0,0,0,0,1,1,0,0,0,0,1,0,0,255,16,0.06,0.02,0,0,0.8,0,0.02,0
